{
  "hash": "653200a8",
  "configHash": "27d01174",
  "lockfileHash": "b0d20a3b",
  "browserHash": "b105d6e0",
  "optimized": {
    "@angular/common": {
      "src": "../../../../../node_modules/@angular/common/fesm2022/common.mjs",
      "file": "@angular_common.js",
      "fileHash": "61b61a30",
      "needsInterop": false
    },
    "@angular/common/http": {
      "src": "../../../../../node_modules/@angular/common/fesm2022/http.mjs",
      "file": "@angular_common_http.js",
      "fileHash": "d7f411bf",
      "needsInterop": false
    },
    "@angular/core": {
      "src": "../../../../../node_modules/@angular/core/fesm2022/core.mjs",
      "file": "@angular_core.js",
      "fileHash": "51ada990",
      "needsInterop": false
    },
    "@angular/forms": {
      "src": "../../../../../node_modules/@angular/forms/fesm2022/forms.mjs",
      "file": "@angular_forms.js",
      "fileHash": "28f8f24a",
      "needsInterop": false
    },
    "@angular/platform-browser": {
      "src": "../../../../../node_modules/@angular/platform-browser/fesm2022/platform-browser.mjs",
      "file": "@angular_platform-browser.js",
      "fileHash": "7819f1bd",
      "needsInterop": false
    },
    "@angular/platform-browser/animations": {
      "src": "../../../../../node_modules/@angular/platform-browser/fesm2022/animations.mjs",
      "file": "@angular_platform-browser_animations.js",
      "fileHash": "fe1826b4",
      "needsInterop": false
    },
    "@angular/router": {
      "src": "../../../../../node_modules/@angular/router/fesm2022/router.mjs",
      "file": "@angular_router.js",
      "fileHash": "034ab3a0",
      "needsInterop": false
    },
    "primeng/api": {
      "src": "../../../../../node_modules/primeng/fesm2022/primeng-api.mjs",
      "file": "primeng_api.js",
      "fileHash": "63d4848a",
      "needsInterop": false
    },
    "primeng/button": {
      "src": "../../../../../node_modules/primeng/fesm2022/primeng-button.mjs",
      "file": "primeng_button.js",
      "fileHash": "cfa89cd8",
      "needsInterop": false
    },
    "primeng/calendar": {
      "src": "../../../../../node_modules/primeng/fesm2022/primeng-calendar.mjs",
      "file": "primeng_calendar.js",
      "fileHash": "1ecb9559",
      "needsInterop": false
    },
    "primeng/confirmdialog": {
      "src": "../../../../../node_modules/primeng/fesm2022/primeng-confirmdialog.mjs",
      "file": "primeng_confirmdialog.js",
      "fileHash": "804faf0e",
      "needsInterop": false
    },
    "primeng/inputnumber": {
      "src": "../../../../../node_modules/primeng/fesm2022/primeng-inputnumber.mjs",
      "file": "primeng_inputnumber.js",
      "fileHash": "205dbbf1",
      "needsInterop": false
    },
    "primeng/inputtext": {
      "src": "../../../../../node_modules/primeng/fesm2022/primeng-inputtext.mjs",
      "file": "primeng_inputtext.js",
      "fileHash": "a3d704d8",
      "needsInterop": false
    },
    "primeng/selectbutton": {
      "src": "../../../../../node_modules/primeng/fesm2022/primeng-selectbutton.mjs",
      "file": "primeng_selectbutton.js",
      "fileHash": "84300671",
      "needsInterop": false
    },
    "primeng/table": {
      "src": "../../../../../node_modules/primeng/fesm2022/primeng-table.mjs",
      "file": "primeng_table.js",
      "fileHash": "b76363fc",
      "needsInterop": false
    },
    "primeng/tag": {
      "src": "../../../../../node_modules/primeng/fesm2022/primeng-tag.mjs",
      "file": "primeng_tag.js",
      "fileHash": "dc31668e",
      "needsInterop": false
    },
    "primeng/toast": {
      "src": "../../../../../node_modules/primeng/fesm2022/primeng-toast.mjs",
      "file": "primeng_toast.js",
      "fileHash": "3f38e642",
      "needsInterop": false
    },
    "rxjs": {
      "src": "../../../../../node_modules/rxjs/dist/esm5/index.js",
      "file": "rxjs.js",
      "fileHash": "d9b9f7b2",
      "needsInterop": false
    }
  },
  "chunks": {
    "chunk-AJ4ZNXAM": {
      "file": "chunk-AJ4ZNXAM.js"
    },
    "chunk-VLBR54GI": {
      "file": "chunk-VLBR54GI.js"
    },
    "chunk-CAHSQY2C": {
      "file": "chunk-CAHSQY2C.js"
    },
    "chunk-TTXYKWQQ": {
      "file": "chunk-TTXYKWQQ.js"
    },
    "chunk-Y6VDGAZN": {
      "file": "chunk-Y6VDGAZN.js"
    },
    "chunk-2IRRX5HF": {
      "file": "chunk-2IRRX5HF.js"
    },
    "chunk-DJAXFXFY": {
      "file": "chunk-DJAXFXFY.js"
    },
    "chunk-YGHISWVM": {
      "file": "chunk-YGHISWVM.js"
    },
    "chunk-7NFPIS7I": {
      "file": "chunk-7NFPIS7I.js"
    },
    "chunk-I54QP7DZ": {
      "file": "chunk-I54QP7DZ.js"
    },
    "chunk-P7YJMDED": {
      "file": "chunk-P7YJMDED.js"
    },
    "chunk-GYHLK4JX": {
      "file": "chunk-GYHLK4JX.js"
    },
    "chunk-WVUL5KXD": {
      "file": "chunk-WVUL5KXD.js"
    },
    "chunk-YSWSYYUG": {
      "file": "chunk-YSWSYYUG.js"
    },
    "chunk-MW6N3XTI": {
      "file": "chunk-MW6N3XTI.js"
    },
    "chunk-T76FZRMF": {
      "file": "chunk-T76FZRMF.js"
    },
    "chunk-6JJ7KVRE": {
      "file": "chunk-6JJ7KVRE.js"
    },
    "chunk-T4QU4GDF": {
      "file": "chunk-T4QU4GDF.js"
    }
  }
}